file,click_idx,window_text,t_lo_s,t_hi_s,reason,sample,time_s,ncc,range_db,note
25REF169,3,109-110s,109,110,multi_candidate,5196995,108.270729,0.911,34.4,
25REF169,4,144-145s,144,145,multi_candidate,6947580,144.741250,0.990,45.7,
25REF169,5,196-197s,196,197,multi_candidate,9416044,196.167583,0.919,29.4,
25REF169,6,257-258s,257,258,multi_candidate,12329861,256.872104,0.970,32.7,
25REF203,1,Separate audio,,,separate_audio,,,,,click is in a QN clip; located there
25REF203,2,2-3s,2,3,"multi_candidate,low_conf",65084,1.355917,0.693,38.2,note
25REF203,3,53-54s,53,54,"multi_candidate,low_conf",2539988,52.916417,0.811,13.8,
25REF203,4,91-92s,91,92,multi_candidate,4353315,90.694063,0.939,19.6,note
25REF203,5,117-118s,117,118,"multi_candidate,low_conf",5637521,117.448354,0.841,22.7,
25REF203,6,154-155s,154,155,low_conf,7464966,155.520125,0.808,12.9,
25REF203,7,191-192s,191,192,low_conf,9176457,191.176187,0.857,19.7,
25REF203Q1,1,,,,separate_audio,,,,,separate-audio clip for 25REF203 (Q index 1)
25REF203Q1,1,whole-clip,,,multi_candidate,102674,2.139042,0.964,39.1,separate_audio
25REF238,2,44-45s,44,45,low_conf,2078037,43.292437,0.751,24.7,
25REF238,5,190-191s,190,191,multi_candidate,9175548,191.157250,0.986,29.8,
25REF238,6,243-244s,243,244,multi_candidate,11688106,243.502208,0.962,18.6,
25REF238,7,307-308s,307,308,multi_candidate,14731210,306.900208,0.963,23.6,
25REF263,3,74-75s,74,75,multi_candidate,3590537,74.802854,0.955,30.9,
25REF263,4,133-134s,133,134,multi_candidate,6427886,133.914292,0.980,36.7,
25REF263,5,194-195s,194,195,multi_candidate,9369829,195.204771,0.944,43.5,
25REF263,6,291-292s,291,292,"multi_candidate,low_conf",14002842,291.725875,0.899,34.0,
BJNC3,1,3-3s,3,3,multi_candidate,158402,3.300042,0.995,36.8,
BJNC3,2,53-54s,53,54,"multi_candidate,low_conf",2526673,52.639021,0.877,19.9,
BJNC3,3,107-108s,107,108,multi_candidate,5156328,107.423500,0.963,34.8,
BJNC3,4,163-164s,163,164,multi_candidate,7825682,163.035042,0.960,31.1,
BJNC3,5,202-203s,202,203,multi_candidate,9692490,201.926875,0.961,29.4,
BJNC3,7,319-319s,319,319,low_conf,15323956,319.249083,0.617,20.7,
BJ_C14,1,15-16s,15,16,multi_candidate,685881,14.289188,0.940,33.7,
BJ_C14,2,58-59s,58,59,"multi_candidate,low_conf",2824998,58.854125,0.882,19.2,
BJ_C14,3,109-110s,109,110,"multi_candidate,low_conf",5202589,108.387271,0.859,38.3,
BJ_C14,4,144-145s,144,145,multi_candidate,6907525,143.906771,0.910,18.9,
BJ_C14,5,169-170s,169,170,multi_candidate,8132878,169.434958,0.974,25.2,
BJ_C14,6,264-265s,264,265,"multi_candidate,low_conf",12652031,263.583979,0.967,14.4,
BJ_C14,7,322-322s,322,322,"multi_candidate,low_conf",15427772,321.411917,0.866,15.0,
BJ_C15,3,84-85s,84,85,multi_candidate,4074393,84.883188,0.910,24.0,
BJ_C15,4,106-107s,106,107,multi_candidate,5130716,106.889917,0.979,39.4,
BJ_C15,6,215-216s,215,216,multi_candidate,10366153,215.961521,0.940,21.8,
BJ_C15,7,264-264s,264,264,"multi_candidate,low_conf",12661708,263.785583,0.663,13.7,
C22,6,258-259s,258,259,multi_candidate,12442222,259.212958,0.994,67.9,
C25,1,4-4s,4,4,multi_candidate,188531,3.927729,0.991,36.1,
C26,1,2-2s,2,2,"multi_candidate,low_conf",65564,1.365917,0.885,21.0,
C26,2,55-56s,55,56,"multi_candidate,low_conf",2644318,55.089958,0.866,26.9,
C26,5,196-197s,196,197,"multi_candidate,low_conf",9419739,196.244563,0.922,13.6,
C26,6,258-259s,258,259,"multi_candidate,low_conf",12377360,257.861667,0.888,28.0,
C26,7,291-291s,291,291,multi_candidate,13956104,290.752167,0.985,46.1,
C29,1,4-4s,4,4,"multi_candidate,low_conf",172374,3.591125,0.899,22.5,
C29,6,65-65s,65,65,multi_candidate,3104651,64.680229,0.989,44.9,
C50,1,Separate audio,,,separate_audio,,,,,click is in a QN clip; located there
C50Q1,1,,,,separate_audio,,,,,separate-audio clip for C50 (Q index 1)
C50Q1,1,whole-clip,,,"multi_candidate,low_conf",114824,2.392167,0.901,16.8,separate_audio
C55,2,68-68s,68,68,multi_candidate,3271596,68.158250,0.991,27.5,
C55,3,173-173s,173,173,multi_candidate,8317537,173.282021,0.927,22.1,note
C55,5,307-308s,307,308,multi_candidate,14790187,308.128896,0.966,48.6,
C55,7,470-470s,470,470,"multi_candidate,low_conf",22546751,469.723979,0.924,14.1,
C55Q3,3,,,,separate_audio,,,,,separate-audio clip for C55 (Q index 3)
C55Q3,3,whole-clip,,,multi_candidate,121021,2.521271,0.961,46.7,separate_audio
C59,,,,,only_6_clicks,,,,,3s; 42s-43s; 2'07-2'08; 6'01-6'02; 7'39-7'40; 9'19-9'20
C59,1,3-3s,3,3,multi_candidate,110836,2.309083,0.916,31.6,
C59,2,42-43s,42,43,multi_candidate,2034114,42.377375,0.981,35.1,
C59,4,361-362s,361,362,multi_candidate,17334025,361.125521,0.929,53.2,
C59,5,459-460s,459,460,multi_candidate,22041600,459.200000,0.970,46.3,
C59,6,559-560s,559,560,multi_candidate,26843107,559.231396,0.979,56.1,
C65,2,53-54s,53,54,multi_candidate,2548257,53.088687,0.993,47.6,
C65,3,107-108s,107,108,multi_candidate,5136575,107.011979,0.991,50.1,
C65,4,152-153s,152,153,multi_candidate,7325628,152.617250,0.990,62.0,
C65,5,208-209s,208,209,multi_candidate,9966605,207.637604,0.948,38.4,
C65,6,258-259s,258,259,multi_candidate,12413881,258.622521,0.994,59.8,
C65,7,323-323s,323,323,multi_candidate,15501340,322.944583,0.986,54.0,
C66,5,364-365s,364,365,multi_candidate,17498250,364.546875,0.976,56.4,
C66,7,495-495s,495,495,"multi_candidate,low_conf",23724962,494.270042,0.793,20.3,
C70,1,1-1s,1,1,multi_candidate,44521,0.927521,0.989,37.2,
C70,6,105-106s,105,106,"multi_candidate,low_conf",5066121,105.544188,0.908,13.1,
C74,1,8-8s,8,8,"multi_candidate,low_conf",385029,8.021437,0.817,17.4,
C74,7,51-51s,51,51,multi_candidate,2433856,50.705333,0.980,35.7,
C80,1,2-3s,2,3,multi_candidate,79450,1.655208,0.955,22.5,
C80,4,76-77s,76,77,multi_candidate,3652075,76.084896,0.944,24.8,
C80,6,114-115s,114,115,low_conf,5488991,114.353979,0.833,24.8,
C80,7,127-127s,127,127,"multi_candidate,low_conf",6059198,126.233292,0.660,26.3,
F69,2,20-21s,20,21,multi_candidate,941877,19.622438,0.985,55.5,
F69,3,47-48s,47,48,multi_candidate,2268440,47.259167,0.994,57.3,
F69,4,59-60s,59,60,"multi_candidate,low_conf",2849758,59.369958,0.880,13.7,
F69,5,74-75s,74,75,multi_candidate,3517400,73.279167,0.969,32.0,
F69,6,106-107s,106,107,multi_candidate,5078327,105.798479,0.955,21.8,
HZ_C3,,,,,only_6_clicks,,,,,2s; 1'10-1'11; 2'05-2'06; 2'49-2'50; 4'09-4'10; 5'20-5'21
HZ_C3,1,2-2s,2,2,low_conf,115693,2.410271,0.899,39.0,
HZ_C3,2,70-71s,70,71,multi_candidate,3396305,70.756354,0.970,40.0,
HZ_C3,5,249-250s,249,250,multi_candidate,11939217,248.733688,0.908,38.7,
HZ_C3,6,320-321s,320,321,"multi_candidate,low_conf",15368668,320.180583,0.881,29.4,
HZ_F14,1,4-4s,4,4,multi_candidate,170553,3.553187,0.946,39.1,note
HZ_F14,2,120-121s,120,121,multi_candidate,5790120,120.627500,0.967,52.6,
HZ_F14,3,Separate audio,,,separate_audio,,,,,click is in a QN clip; located there
HZ_F14,4,124-125s,124,125,multi_candidate,5954407,124.050146,0.987,55.1,
HZ_F14,7,323-324s,323,324,multi_candidate,15467817,322.246188,0.950,31.9,
HZ_F14Q2,2,,,,"separate_audio,qn_slot_ambiguous",,,,,"separate-audio clip for HZ_F14 (Q index 2); sheet marks Separate audio at click[3], not click2"
HZ_F14Q2,2,whole-clip,,,"multi_candidate,low_conf",36051,0.751062,0.876,19.3,"separate_audio,qn_slot_ambiguous"
HZ_F17,1,1-1s,1,1,multi_candidate,55998,1.166625,0.946,30.7,
HZ_F17,3,123-124s,123,124,multi_candidate,5934084,123.626750,0.983,55.9,
HZ_F17,6,336-337s,336,337,multi_candidate,16158033,336.625688,0.947,26.3,
HZ_F17,7,400-400s,400,400,"multi_candidate,low_conf",19168565,399.345104,0.822,22.3,
HZ_F7,3,52-53s,52,53,multi_candidate,2501390,52.112292,0.992,43.9,
HZ_F7,5,104-105s,104,105,multi_candidate,5059270,105.401458,0.992,59.9,
HZ_F7,6,141-142s,141,142,multi_candidate,6798814,141.641958,0.964,52.9,
HZ_F7,7,157-157s,157,157,"multi_candidate,low_conf",7524635,156.763229,0.888,44.0,
IntlSB1,2,15-15s,15,15,multi_candidate,730679,15.222479,0.974,55.9,
IntlSB1,6,191-192s,191,192,multi_candidate,9196152,191.586500,0.986,62.5,
IntlSB1,7,197-197s,197,197,multi_candidate,9458356,197.049083,0.982,43.6,
IntlSB10,1,Separate audio,,,separate_audio,,,,,click is in a QN clip; located there
IntlSB10,2,2-2s,2,2,multi_candidate,79931,1.665229,0.956,37.9,
IntlSB10,3,233-234s,233,234,multi_candidate,11178462,232.884625,0.974,40.3,
IntlSB10Q1,1,,,,separate_audio,,,,,separate-audio clip for IntlSB10 (Q index 1)
IntlSB10Q1,1,whole-clip,,,multi_candidate,31664,0.659667,0.938,37.8,separate_audio
IntlSB11,1,3-3s,3,3,multi_candidate,123632,2.575667,0.944,18.6,
IntlSB11,2,40-41s,40,41,multi_candidate,1913638,39.867458,0.964,22.8,
IntlSB11,3,106-107s,106,107,multi_candidate,5104836,106.350750,0.983,18.0,
IntlSB11,5,261-262s,261,262,multi_candidate,12569232,261.859000,0.975,52.2,
IntlSB12,5,95-96s,95,96,multi_candidate,4554167,94.878479,0.952,30.4,
IntlSB12,7,177-177s,177,177,multi_candidate,8481966,176.707625,0.948,36.7,
IntlSB13,,,,,out_of_order,,,,,2s; 36s-37s; 1'22-1'23; 2'03-2'04; 2'55-2'56; 2'35-2'36; 4'29-4'30
IntlSB13,1,2-2s,2,2,multi_candidate,100301,2.089604,0.991,52.4,
IntlSB13,2,36-37s,36,37,multi_candidate,1759314,36.652375,0.991,59.4,
IntlSB13,3,82-83s,82,83,multi_candidate,4005264,83.443000,0.993,55.1,
IntlSB13,4,123-124s,123,124,multi_candidate,5889774,122.703625,0.922,27.2,
IntlSB13,5,175-176s,175,176,multi_candidate,8411219,175.233729,0.963,60.5,
IntlSB13,6,155-156s,155,156,"multi_candidate,low_conf",7412966,154.436792,0.891,19.8,
IntlSB13,7,269-270s,269,270,multi_candidate,12916740,269.098750,0.961,49.9,
IntlSB14,1,1-1s,1,1,multi_candidate,18993,0.395688,0.936,43.1,
IntlSB14,2,67-68s,67,68,multi_candidate,3228576,67.262000,0.987,56.0,
IntlSB14,4,204-204s,204,204,multi_candidate,9787009,203.896021,0.937,37.9,
IntlSB14,7,557-557s,557,557,multi_candidate,26764379,557.591229,0.979,46.3,
IntlSB15,2,Separate audio,,,separate_audio,,,,,click is in a QN clip; located there
IntlSB15,3,30-30s,30,30,multi_candidate,1462752,30.474000,0.991,48.5,
IntlSB15,4,84-84s,84,84,"multi_candidate,low_conf",4000907,83.352229,0.775,17.9,
IntlSB15,5,133-134s,133,134,multi_candidate,6419636,133.742417,0.983,48.0,
IntlSB15,6,213-214s,213,214,multi_candidate,10245177,213.441188,0.969,46.8,
IntlSB15,7,247-247s,247,247,multi_candidate,11861322,247.110875,0.986,48.9,
IntlSB15Q2,2,,,,separate_audio,,,,,separate-audio clip for IntlSB15 (Q index 2)
IntlSB15Q2,2,whole-clip,,,multi_candidate,40276,0.839083,0.986,27.4,separate_audio
IntlSB16,5,110-111s,110,111,multi_candidate,5267528,109.740167,0.949,21.0,
IntlSB17,1,2-2s,2,2,multi_candidate,85370,1.778542,0.981,19.7,
IntlSB17,3,41-42s,41,42,"multi_candidate,low_conf",1957126,40.773458,0.878,13.2,
IntlSB17,7,108-108s,108,108,"multi_candidate,low_conf",5165841,107.621687,0.880,24.4,
IntlSB18,1,15-15s,15,15,multi_candidate,740533,15.427771,0.946,42.2,note
IntlSB18,4,119-120s,119,120,multi_candidate,5681256,118.359500,0.957,40.8,
IntlSB18,5,163-164s,163,164,multi_candidate,7836535,163.261146,0.983,52.9,
IntlSB18,6,219-220s,219,220,"multi_candidate,low_conf",10507872,218.914000,0.859,26.9,
IntlSB19,1,13-13s,13,13,multi_candidate,598057,12.459521,0.967,28.2,note
IntlSB19,2,22-23s,22,23,"multi_candidate,low_conf",1033562,21.532542,0.879,15.4,
IntlSB19,4,66-67s,66,67,low_conf,3139228,65.400583,0.760,13.9,
IntlSB19,6,114-115s,114,115,"multi_candidate,low_conf",5447761,113.495021,0.894,20.2,
IntlSB19,7,135-135s,135,135,multi_candidate,6453816,134.454500,0.900,33.3,
IntlSB3,1,2-2s,2,2,multi_candidate,61771,1.286896,0.941,38.3,
IntlSB3,2,70-71s,70,71,multi_candidate,3379374,70.403625,0.965,49.7,
IntlSB3,3,142-143s,142,143,multi_candidate,6827921,142.248354,0.994,50.0,
IntlSB3,4,196-197s,196,197,multi_candidate,9445299,196.777062,0.987,51.7,
IntlSB3,5,242-243s,242,243,multi_candidate,11644093,242.585271,0.988,49.9,
IntlSB3,6,314-315s,314,315,multi_candidate,15101346,314.611375,0.992,49.7,
IntlSB3,7,366-366s,366,366,low_conf,17535153,365.315688,0.837,36.0,
IntlSB4,,,,,only_6_clicks,,,,,Separate audio; 1s; 54s-55s; 2'03-2'04; 2'58-2'59; 4'38-4'39
IntlSB4,1,Separate audio,,,separate_audio,,,,,click is in a QN clip; located there
IntlSB4,2,1-1s,1,1,"multi_candidate,low_conf",26346,0.548875,0.887,48.1,
IntlSB4,4,123-124s,123,124,multi_candidate,5880142,122.502958,0.969,42.7,
IntlSB4,5,178-179s,178,179,multi_candidate,8558217,178.296188,0.957,27.0,
IntlSB4,6,278-279s,278,279,multi_candidate,13315171,277.399396,0.917,21.6,
IntlSB4Q1,1,,,,separate_audio,,,,,separate-audio clip for IntlSB4 (Q index 1)
IntlSB4Q1,1,whole-clip,,,multi_candidate,41979,0.874563,0.986,25.7,separate_audio
IntlSB5,2,25-25s,25,25,multi_candidate,1218395,25.383229,0.992,49.7,
IntlSB6,2,30-31s,30,31,"multi_candidate,low_conf",1427946,29.748875,0.883,35.1,
IntlSB8,4,135-136s,135,136,multi_candidate,6453722,134.452542,0.953,30.9,
IntlSB8,5,174-175s,174,175,multi_candidate,8334992,173.645667,0.991,51.1,
IntlSB9,,,,,only_6_clicks,,,,,3s; 38s-39s; 1'26-1'27; 2'19-2'20; 3'16-3'17; 4'20-4'21
IntlSB9,1,3-3s,3,3,"multi_candidate,low_conf",110023,2.292146,0.860,25.4,
IntlSB9,2,38-39s,38,39,multi_candidate,1795662,37.409625,0.932,35.8,
IntlSB9,3,86-87s,86,87,multi_candidate,4101841,85.455021,0.933,50.0,
IntlSB9,4,139-140s,139,140,multi_candidate,6654425,138.633854,0.937,41.5,
IntlSB9,5,196-197s,196,197,multi_candidate,9460685,197.097604,0.988,50.5,
IntlSB9,6,260-261s,260,261,multi_candidate,12520501,260.843771,0.996,53.4,
KSC1,3,87-88s,87,88,"multi_candidate,low_conf",4153690,86.535208,0.895,17.5,
KSC1,4,111-113s,111,113,low_conf,5394136,112.377833,0.868,39.5,
KSC1,5,145-146s,145,146,"multi_candidate,low_conf",6957869,144.955604,0.823,17.3,
KSC1,6,183-184s,183,184,low_conf,8840651,184.180229,0.864,39.9,
KSC2,2,31-32s,31,32,multi_candidate,1463835,30.496562,0.973,36.2,
KSC2,5,137-138s,137,138,multi_candidate,6621249,137.942688,0.992,54.2,
KSC2,6,203-204s,203,204,"multi_candidate,low_conf",9725627,202.617229,0.901,15.6,
NJF6,5,162-163s,162,163,multi_candidate,7774108,161.960583,0.908,41.5,
NJF6,7,212-212s,212,212,low_conf,10197163,212.440896,0.862,48.1,
NJ_C5,1,1-1s,1,1,"multi_candidate,low_conf",17743,0.369646,0.845,20.6,
NJ_C5,2,34-35s,34,35,multi_candidate,1672422,34.842125,0.926,19.3,
NJ_C5,3,76-77s,76,77,multi_candidate,3671084,76.480917,0.904,23.4,
NJ_C5,4,106-107s,106,107,low_conf,5123765,106.745104,0.917,17.4,
NJ_C5,5,141-142s,141,142,"multi_candidate,low_conf",6778652,141.221917,0.719,16.6,
NJ_C5,6,196-197s,196,197,low_conf,9442293,196.714438,0.932,16.6,
NJ_C5,7,215-215s,215,215,"multi_candidate,low_conf",10290159,214.378312,0.871,20.3,
SM_C1,1,9-9s,9,9,"multi_candidate,low_conf",424721,8.848354,0.784,12.5,note
SM_C1,2,44-45s,44,45,"multi_candidate,low_conf",2118808,44.141833,0.891,31.6,
SM_C1,3,68-68s,68,68,"multi_candidate,low_conf",3249379,67.695396,0.841,12.2,
SM_C1,4,96-97s,96,97,"multi_candidate,low_conf",4575831,95.329813,0.878,18.3,
SM_C1,5,126-127s,126,127,multi_candidate,6033073,125.689021,0.965,27.7,
SM_C1,6,161-161s,161,161,low_conf,7739191,161.233146,0.800,17.6,
SM_C10,2,29-30s,29,30,multi_candidate,1387133,28.898604,0.954,35.2,
SM_C10,4,70-71s,70,71,multi_candidate,3360422,70.008792,0.978,36.8,
SM_C11,,,,,only_6_clicks,,,,,2s; 38s-39s; 1'06-1'07; 2'14-2'15; 2'41-2'42; 3'03-3'04
SM_C11,2,38-39s,38,39,multi_candidate,1808677,37.680771,0.906,35.8,
SM_C11,5,161-162s,161,162,"multi_candidate,low_conf",7747119,161.398313,0.773,13.4,
SM_C11,6,183-184s,183,184,low_conf,8753932,182.373583,0.713,15.1,
SM_C2,1,3-3s,3,3,multi_candidate,134558,2.803292,0.985,32.0,
SM_C2,6,144-145s,144,145,multi_candidate,6884349,143.423937,0.991,46.4,
SM_C5,1,1-1s,1,1,multi_candidate,25131,0.523563,0.970,40.0,
SM_C5,4,69-70s,69,70,multi_candidate,3352642,69.846708,0.992,44.6,
SM_C5,7,164-165s,164,165,multi_candidate,7933017,165.271187,0.962,25.0,
SUZC3,1,2-2s,2,2,low_conf,116586,2.428875,0.938,14.1,
SUZC3,3,135-136s,135,136,multi_candidate,6484525,135.094271,0.920,25.2,
SUZC3,5,275-276s,275,276,"multi_candidate,low_conf",13170797,274.391604,0.763,20.1,
SUZF5,1,3-3s,3,3,"multi_candidate,low_conf",108391,2.258146,0.814,17.1,
SUZF5,2,65-66s,65,66,low_conf,3188472,66.426500,0.912,15.0,
SUZF5,3,161-162s,161,162,"multi_candidate,low_conf",7702473,160.468187,0.876,32.1,
SUZF5,4,240-241s,240,241,"multi_candidate,low_conf",11502254,239.630292,0.897,17.2,
SUZF5,6,389-390s,389,390,"multi_candidate,low_conf",18710044,389.792583,0.853,14.9,
Wei_laoshi_35,1,4-4s,4,4,"multi_candidate,low_conf",178542,3.719625,0.879,15.9,
Wei_laoshi_35,2,105-106s,105,106,multi_candidate,5037872,104.955667,0.990,52.9,
Wei_laoshi_35,4,269-270s,269,270,multi_candidate,12899038,268.729958,0.984,50.1,
junjie_376,2,74-75s,74,75,"multi_candidate,low_conf",3515961,73.249188,0.885,14.0,
junjie_376,4,242-243s,242,243,multi_candidate,11649964,242.707583,0.986,31.4,
junjie_376,7,531-531s,531,531,multi_candidate,25468932,530.602750,0.964,35.8,
